# Old Jekyll page redirects
/archive /writing 301
/archive/ /writing 301
/posts-by-year /writing 301
/posts-by-tag /tags 301

# Old Jekyll blog post redirects (YYYY/MM/DD/slug -> slug)
/blog/2012/08/24/bartender /blog/bartender 301
/blog/2012/08/29/using-textexpander-to-insert-different-e-mail-signatures /blog/using-textexpander-to-insert-different-e-mail-signatures 301
/blog/2012/08/30/keeping-your-calendar-relevant /blog/keeping-your-calendar-relevant 301
/blog/2012/08/31/goodbye-livedrive-hello-backblaze /blog/goodbye-livedrive-hello-backblaze 301
/blog/2012/09/03/exporting-omnifocus-as-an-opml-file /blog/exporting-omnifocus-as-an-opml-file 301
/blog/2012/09/27/valuable-thinking-time /blog/valuable-thinking-time 301
/blog/2012/10/05/exporting-omnifocus-data-using-omnivisualiser /blog/exporting-omnifocus-data-using-omnivisualiser 301
/blog/2012/10/17/scratching-an-itch-visualising-omnifocus-actions-on-a-personal-kanban-board /blog/scratching-an-itch-visualising-omnifocus-actions-on-a-personal-kanban-board 301
/blog/2012/11/13/making-the-switch-to-an-ssd /blog/making-the-switch-to-an-ssd 301
/blog/2012/11/14/the-busy-trap /blog/the-busy-trap 301
/blog/2013/01/07/i-cant-or-i-wont /blog/i-cant-or-i-wont 301
/blog/2013/02/08/fear-of-the-blank-page /blog/fear-of-the-blank-page 301
/blog/2013/10/21/why-alfreds-workflow-feature-is-a-must-have-for-me /blog/why-alfreds-workflow-feature-is-a-must-have-for-me 301
/blog/2014/01/16/the-builders-high /blog/the-builders-high 301
/blog/2014/01/27/goodbye-evernote-hello-nvalt /blog/goodbye-evernote-hello-nvalt 301
/blog/2014/04/15/the-benefits-of-checking-mail-once-per-day /blog/the-benefits-of-checking-mail-once-per-day 301
/blog/2014/05/12/consuming-more-than-i-create /blog/consuming-more-than-i-create 301
/blog/2014/05/22/notes-from-london-lean-kanban-day /blog/notes-from-london-lean-kanban-day 301
/blog/2014/06/02/results-from-a-kanban-learning-game /blog/results-from-a-kanban-learning-game 301
/blog/2014/07/14/omnifocus-itch-scratched /blog/omnifocus-itch-scratched 301
/blog/2014/08/14/new-macbook-pro-why-thank-you-sir /blog/new-macbook-pro-why-thank-you-sir 301
/blog/2015/01/15/annotating-screenshots-via-alfred /blog/annotating-screenshots-via-alfred 301
/blog/2015/02/23/preserving-dates-when-exporting-photos-and-videos-from-iphoto /blog/preserving-dates-when-exporting-photos-and-videos-from-iphoto 301
/blog/2015/02/24/3-examples-of-where-procrastination-leads-you /blog/3-examples-of-where-procrastination-leads-you 301
/blog/2015/02/26/first-and-only-second-update-to-soundcloud-in-2-years /blog/first-and-only-second-update-to-soundcloud-in-2-years 301
/blog/2015/03/17/intermission-instrumental-acoustic-guitar-0032 /blog/intermission-instrumental-acoustic-guitar-0032 301
/blog/2015/05/29/searching-omnifocus-direct-from-alfred /blog/searching-omnifocus-direct-from-alfred 301
/blog/2015/07/27/how-i-use-personal-kanban-to-stay-in-control-of-my-work-and-get-stuff-done-part-1 /blog/how-i-use-personal-kanban-to-stay-in-control-of-my-work-and-get-stuff-done-part-1 301
/blog/2015/08/17/updated-alfred-workflow-to-search-omnifocus /blog/updated-alfred-workflow-to-search-omnifocus 301
/blog/2015/08/18/why-am-i-not-writing /blog/why-am-i-not-writing 301
/blog/2015/09/29/how-i-use-personal-kanban-to-stay-in-control-of-my-work-and-get-stuff-done-part-2 /blog/how-i-use-personal-kanban-to-stay-in-control-of-my-work-and-get-stuff-done-part-2 301
/blog/2016/01/22/how-i-reset-my-omnifocus-and-personal-kanban-set-up /blog/how-i-reset-my-omnifocus-and-personal-kanban-set-up 301
/blog/2016/01/27/previewing-markdown-files-with-alfred /blog/previewing-markdown-files-with-alfred 301
/blog/2016/02/15/how-to-visualise-your-teams-data-part-1 /blog/how-to-visualise-your-teams-data-part-1 301
/blog/2016/02/22/how-i-stopped-my-iphone-using-up-all-of-my-data-allowance /blog/how-i-stopped-my-iphone-using-up-all-of-my-data-allowance 301
/blog/2018/09/28/searching-omnifocus-3 /blog/searching-omnifocus-3 301
/blog/2020/06/27/drag-racer /blog/drag-racer 301
/blog/2020/08/19/8-reasons-why-slack /blog/8-reasons-why-slack 301
/blog/2020/09/04/my-macos-setup /blog/my-macos-setup 301
/blog/2021/06/01/search-omnifocus-podcast-mention /blog/search-omnifocus-podcast-mention 301
/blog/2022/07/07/the-real-problem-to-fix /blog/the-real-problem-to-fix 301
/blog/2022/07/19/autonomy-without-purpose /blog/autonomy-without-purpose 301
/blog/2022/09/13/stereo-split /blog/stereo-split 301
/blog/2022/11/01/introducing-rethink-everything /blog/introducing-rethink-everything 301
/blog/2023/02/14/mass-panic-ep-release /blog/mass-panic-ep-release 301
/blog/2023/02/16/is-your-problem-a-5-minute-problem /blog/is-your-problem-a-5-minute-problem 301
/blog/2023/11/03/this-is-no-time-for-caution-release /blog/this-is-no-time-for-caution-release 301
/blog/2024/04/26/7-lessons-learned /blog/7-lessons-learned 301
/blog/2024/04/30/new-cover /blog/new-cover 301
/blog/2024/05/01/search-omnifocus-update /blog/search-omnifocus-update 301
/blog/2024/05/02/interesting-tips /blog/interesting-tips 301
/blog/2024/05/08/wip-entmoot-song /blog/wip-entmoot-song 301
/blog/2024/06/06/dont-give-up /blog/dont-give-up 301
/blog/2024/06/08/smashing-pumpkins-live /blog/smashing-pumpkins-live 301
/blog/2024/07/16/cocktails-and-code /blog/cocktails-and-code 301
/blog/2024/07/29/week-notes /blog/week-notes 301
/blog/2024/08/20/idle-thoughts-for-the-day /blog/idle-thoughts-for-the-day 301
/blog/2024/09/24/switching-to-beancount /blog/switching-to-beancount 301
/blog/2024/10/21/co-intelligence-notes /blog/co-intelligence-notes 301
/blog/2024/12/21/the-only-way-to-be-sure-rescoring-aliens /blog/the-only-way-to-be-sure-rescoring-aliens 301
/blog/2025/01/29/the-price-of-immortality /blog/the-price-of-immortality 301
/blog/2025/03/03/i-never-wanted-this-for-you /blog/i-never-wanted-this-for-you 301
/blog/2025/10/20/fear-no-darkness /blog/fear-no-darkness 301
/blog/2026/01/15/beancount-autocomplete-sublime-plugin /blog/beancount-autocomplete-sublime-plugin 301
